[
    {
        "title": "Ethnic Motifs Woven Design Zari Kanjeevaram Saree",
        "description": "Purple and silver-toned kanjeevaram saree\nEthnic motifs woven design saree with woven design border\nHas zari detail\n\nThe saree comes with an unstitched blouse piece\nThe blouse worn by the model might be for modelling purpose only. Check the image of the blouse piece to understand how the actual blouse piece looks like.",
        "mrpPrice": 4999,
        "sellingPrice": 2499,
        "quantity": "",
        "color": "Purple",
        "images": [
            "http://res.cloudinary.com/dxoqwusir/image/upload/v1725359611/SUHANI-2011_5_nrwwhr.webp",
            "http://res.cloudinary.com/dxoqwusir/image/upload/v1725359617/SUHANI-2011_4_rsj092.webp",
            "http://res.cloudinary.com/dxoqwusir/image/upload/v1725359626/silk-saree_xfukfd.jpg",
            "http://res.cloudinary.com/dxoqwusir/image/upload/v1725359634/SUHANI-2011_2_byfz48.webp"
        ],
        "category": "women",
        "category2": "women_indian_and_fusion_wear",
        "category3": "women_sarees",
        "sizes": "FREE"
    },
    {
        "title": "Ethnic Motifs Woven Design Zari Kanjeevaram Saree",
        "description": "Purple and silver-toned kanjeevaram saree\nEthnic motifs woven design saree with woven design border\nHas zari detail\n\nThe saree comes with an unstitched blouse piece\nThe blouse worn by the model might be for modelling purpose only. Check the image of the blouse piece to understand how the actual blouse piece looks like.",
        "mrpPrice": 4999,
        "sellingPrice": 2499,
        "quantity": "",
        "color": "Purple",
        "images": [
            "http://res.cloudinary.com/dxoqwusir/image/upload/v1725359611/SUHANI-2011_5_nrwwhr.webp",
            "http://res.cloudinary.com/dxoqwusir/image/upload/v1725359617/SUHANI-2011_4_rsj092.webp",
            "http://res.cloudinary.com/dxoqwusir/image/upload/v1725359626/silk-saree_xfukfd.jpg",
            "http://res.cloudinary.com/dxoqwusir/image/upload/v1725359634/SUHANI-2011_2_byfz48.webp"
        ],
        "category": "women",
        "category2": "women_indian_and_fusion_wear",
        "category3": "women_sarees",
        "sizes": "FREE"
    }
]